P. Name,P. Zone Class,P. Mass Class,P. Composition Class,P. Atmosphere Class,P. Density (EU),P. Gravity (EU),P. Esc Vel (EU),P. SFlux Min (EU),P. SFlux Mean (EU),P. SFlux Max (EU),P. Teq Max (K),P. Mag,P. Appar Size (deg),P. Eccentricity,P. Mean Distance (AU),P. Omega (deg),S. Mass (SU),S. Teff (K),S. [Fe/H],S. Age (Gyrs),S. Appar Mag,S. Distance (pc),S. RA (hrs),S. DEC (deg),S. Mag from Planet,S. Size from Planet (deg),S. No. Planets,S. No. Planets HZ,S. Hab Zone Max (AU),P. HZD,P. HZC,P. HZA,P. HZI,P. SPH,P. ESI,S. HabCat,P. Habitable,P. Hab Moon,P. Confirmed,P. Habitable Class
GJ 163 c,Warm,Superterran,rocky-iron,metals-rich,1.19,2.17,1.99,0.5515569,0.6630019,0.804139,241.3,-18.05,3.48,0.09,0.12,235.4,0.4,3840.0,-0.06027140851661208,3.0,11.8,15.0,4.1544,-53.3736,-26.3,0.9881,3,1,0.212,-0.34,-0.14,0.81,0.53,0.08,0.73,0,1,0,1,psychroplanet
GJ 667 C e,Warm,Terran,rocky-iron,metals-rich,0.99,1.39,1.39,0.290249,0.3020295,0.3144201,190.8,-16.59,2.65,0.02,0.21,28.6,0.33,3350.0,-0.55,2.0,10.2,6.8,17.3158,-34.9897,-25.4,0.8714,6,3,0.251,0.51,-0.16,0.23,0.63,0.0,0.6,0,1,0,0,psychroplanet
GJ 667 C f,Warm,Terran,rocky-iron,metals-rich,0.99,1.39,1.39,0.5306531,0.5632069000000001,0.5983137,224.1,-17.28,2.65,0.03,0.16,103.0,0.33,3350.0,-0.55,2.0,10.2,6.8,17.3158,-34.9897,-26.1,1.19,6,3,0.251,-0.22,-0.16,0.08,0.78,0.0,0.77,0,1,0,0,psychroplanet
GJ 682 c,Warm,Superterran,rocky-iron,hydrogen-rich,1.24,2.37,2.13,0.3020603,0.3673006,0.45118450000000004,208.8,-17.51,3.64,0.1,0.18,320.9,0.27,3028.0,-0.06027140851661208,4.184758828596038,13.4,5.08,17.6177,-43.6808,-25.6,1.1831,2,1,0.232,0.23,-0.14,1.19,0.45,0.0,0.59,0,1,0,0,psychroplanet
GJ 3293 d,Warm,Superterran,rocky-iron,metals-rich,1.2,2.22,2.03,0.44768679999999994,0.5656049,0.7251003,235.1,-17.91,3.52,0.12,0.19,322.0,0.42,3466.0,0.02,4.184758828596038,12.0,17.9,4.4767,-25.1692,-26.1,1.1179,4,2,0.309,-0.21,-0.14,0.91,0.52,0.0,0.7,0,1,0,1,psychroplanet
HD 40307 g,Warm,Superterran,rocky-iron,metals-rich,1.18,2.15,1.98,0.3895282,0.6771687,1.285592,271.3,-18.1,3.45,0.29,0.57,91.2,0.77,4977.0,-0.31,1.2,7.2,12.8,5.9011,-60.0233,-26.4,0.6042,6,1,0.917,-0.15,-0.14,0.77,0.56,0.04,0.74,1,1,0,0,psychroplanet
Kapteyn b,Warm,Terran,rocky-iron,metals-rich,1.09,1.79,1.71,0.2900587,0.4342851,0.6803408000000001,231.4,-17.37,3.11,0.21,0.16,80.4,0.28,3550.0,-0.86,8.0,8.8,3.91,5.1947,-45.0183,-25.8,0.9409,2,1,0.232,0.12,-0.15,0.57,0.63,0.0,0.67,0,1,0,0,psychroplanet
Kepler-62 f,Warm,Terran,rocky-iron,metals-rich,1.0,1.41,1.41,0.388223,0.388223,0.388223,201.1,-16.89,2.68,0.0,0.72,0.0,0.69,4869.0,-0.21,7.0,14.0,368.0,18.8808,45.3499,-25.7,0.4676,5,2,0.857,0.45,-0.16,0.19,0.66,0.0,0.67,0,1,0,1,psychroplanet
Kepler-150 f,Warm,Superterran,gas,metals-rich,0.19,0.68,1.57,0.4927213,0.4927213,0.4927214,213.4,-19.22,6.92,0.0,1.24,0.0,0.63,5560.0,-0.136,4.184758828596038,13.4,973.0,19.2156,40.5209,-26.0,0.404,5,1,1.569,0.28,2.88,0.35,0.26,0.0,0.53,0,0,0,1,psychroplanet
Kepler-174 d,Warm,Superterran,rocky-iron,hydrogen-rich,1.42,3.1,2.6,0.42675159999999995,0.42675159999999995,0.42675169999999996,205.9,-17.95,4.15,0.0,0.68,0.0,0.68,4880.0,-0.556,4.184758828596038,13.4,360.0,19.1626,43.8321,-25.8,0.488,3,1,0.846,0.32,-0.13,1.77,0.36,0.0,0.61,0,1,0,1,psychroplanet
Kepler-296 f,Warm,Superterran,rocky-iron,metals-rich,1.15,2.01,1.87,0.2687829,0.3395788,0.4353369000000001,206.9,-17.22,3.33,0.12,0.28,0.0,0.45,3572.0,-0.12,4.2,10.1,226.0,19.1027,49.4373,-25.6,0.8155,5,2,0.34700000000000003,0.4,-0.14,0.86,0.51,0.0,0.6,0,1,0,1,psychroplanet
Kepler-442 b,Warm,Terran,rocky-iron,metals-rich,0.97,1.3,1.32,0.6466799,0.6999820999999999,0.7589214,237.8,-17.42,2.55,0.04,0.41,0.0,0.61,4402.0,-0.37,2.9,7.7,342.0,19.0244,39.2801,-26.3,0.7685,1,1,0.6809999999999999,-0.34,-0.16,-0.06,0.73,0.04,0.84,0,1,0,1,psychroplanet
Kepler-1229 b,Warm,Terran,rocky-iron,metals-rich,0.99,1.39,1.4,0.4901548,0.4901549,0.4901549,213.2,-17.13,2.66,0.0,0.31,0.0,0.54,3784.0,-0.06027140851661208,3.72,15.5,236.0,19.8324,46.9967,-26.0,0.8699,1,1,0.456,-0.03,-0.16,0.12,0.83,0.0,0.73,0,1,0,1,psychroplanet
Kepler-1652 b,Warm,Terran,rocky-iron,metals-rich,0.9,1.01,1.06,0.6504719,0.650472,0.6504722,228.8,-16.95,2.13,0.0,0.16,0.0,0.36,3482.0,-0.1,4.184758828596038,13.4,252.0,19.6244,49.9151,-26.3,1.1835,1,1,0.27,-0.35,-0.17,-0.37,0.65,0.0,0.85,0,1,0,1,psychroplanet
LHS 1140 b,Warm,Terran,rocky-iron,hydrogen-rich,2.26,3.23,2.15,0.23418049999999999,0.4071072,0.7728854000000001,238.9,-17.03,2.72,0.29,0.08,0.0,0.15,3131.0,-0.24,5.0,14.2,12.47,0.7497,-15.2714,-25.8,1.1837,1,1,0.118,0.18,-0.82,1.17,0.41,0.0,0.68,0,1,0,1,psychroplanet
Proxima Cen b,Warm,Terran,rocky-iron,metals-rich,0.9,1.01,1.07,0.6562118,0.6562118,0.6562119000000001,229.3,-16.96,2.13,0.0,0.05,0.0,0.12,3050.0,-0.06027140851661208,4.184758828596038,11.1,1.29,14.4953,-62.6794,-26.3,1.5493,1,1,0.086,-0.39,-0.17,-0.37,0.64,0.0,0.85,0,1,0,1,psychroplanet
TRAPPIST-1 e,Warm,Terran,rocky-iron,metals-rich,0.82,0.76,0.83,0.6544079,0.654408,0.6544082,229.1,-16.52,1.74,0.0,0.03,0.0,0.08,2550.0,0.04,0.5,18.8,12.1,23.1081,-5.0414,-26.3,2.2135,7,4,0.051,-0.42,-0.15,-0.67,0.56,0.0,0.85,0,1,0,1,psychroplanet
TRAPPIST-1 f,Warm,Terran,rocky-water,metals-rich,0.59,0.61,0.8,0.3772893,0.3772893,0.3772893,199.7,-16.2,1.98,0.0,0.04,0.0,0.08,2550.0,0.04,0.5,18.8,12.1,23.1081,-5.0414,-25.7,1.6807,7,4,0.051,0.14,0.27,-0.64,0.59,0.0,0.68,0,1,0,1,psychroplanet
Kepler-440 b,Warm,Superterran,rocky-iron,metals-rich,1.2,2.24,2.04,0.7514458,1.43441,3.096766,338.0,-18.99,3.54,0.34,0.23,0.0,0.57,4134.0,-0.3,1.3,8.3,261.0,19.0233,41.4522,-27.2,1.2857,1,1,0.5710000000000001,-0.89,-0.14,0.62,0.48,0.16,0.75,0,1,0,1,mesoplanet
Kepler-443 b,Warm,Superterran,rocky-iron,hydrogen-rich,1.54,3.6,2.9,0.7188641,0.8910313,1.1180709999999998,262.0,-18.9,4.43,0.11,0.49,0.0,0.74,4723.0,-0.01,3.2,6.8,779.0,19.2407,49.9686,-26.6,0.7552,1,1,0.903,-0.53,-0.12,1.83,0.34,0.98,0.71,0,1,0,1,mesoplanet
Kepler-296 e,Warm,Terran,rocky-iron,metals-rich,1.03,1.52,1.5,1.005184,1.2222879999999998,1.501434,282.0,-18.25,2.81,0.1,0.15,0.0,0.45,3572.0,-0.12,4.2,10.1,226.0,19.1027,49.4373,-27.0,1.5455,5,2,0.34700000000000003,-0.86,-0.16,0.04,0.53,0.75,0.85,0,1,0,1,mesoplanet
GJ 3323 b,Warm,Terran,rocky-iron,metals-rich,0.95,1.23,1.25,0.776563,1.207001,1.981179,302.3,-17.95,2.44,0.23,0.03,0.0,0.16,3159.0,-0.27,4.184758828596038,12.2,5.32,5.0326,-6.9461,-27.0,1.9856,2,1,0.077,-0.84,-0.16,-0.25,0.53,0.97,0.89,0,1,0,1,mesoplanet
Kepler-1638 b,Warm,Superterran,rocky-iron,metals-rich,1.21,2.26,2.06,1.3873799999999998,1.3873799999999998,1.387381,276.5,-18.9,3.56,0.0,0.79,0.0,0.97,5710.0,-0.06027140851661208,4.37,14.8,879.0,19.6988,48.5244,-27.1,0.6427,1,1,1.65,-0.81,-0.14,0.66,0.49,0.02,0.76,0,1,0,1,mesoplanet
GJ 180 b,Warm,Superterran,rocky-iron,metals-rich,1.22,2.32,2.09,0.9960187,1.234564,1.549138,284.2,-18.8,3.6,0.11,0.1,11.5,0.43,3371.0,-0.06027140851661208,4.184758828596038,10.9,11.69,4.8972,-17.7734,-27.0,1.745,2,2,0.244,-0.87,-0.14,0.74,0.46,0.41,0.75,0,1,0,0,mesoplanet
GJ 273 b,Warm,Terran,rocky-iron,metals-rich,1.0,1.43,1.43,1.003524,1.220269,1.4989540000000001,281.9,-18.17,2.7,0.1,0.09,0.0,0.29,3382.0,0.09,4.184758828596038,9.9,3.8,7.4568,5.2258,-27.0,1.7227,2,1,0.215,-0.86,-0.16,-0.05,0.53,0.79,0.86,0,1,0,1,mesoplanet
HD 283869 b,Warm,Superterran,rocky-iron,metals-rich,1.26,2.47,2.2,1.146929,1.146929,1.146929,263.7,-18.79,3.72,0.0,0.4,0.0,0.74,4655.0,0.15,4.184758828596038,13.4,47.51,4.795,26.15,-26.9,0.8793,1,1,0.836,-0.76,-0.14,0.89,0.46,0.65,0.77,0,1,0,0,mesoplanet
K2-72 e,Warm,Terran,rocky-iron,metals-rich,0.99,1.39,1.4,1.461332,1.461332,1.461333,280.1,-18.32,2.66,0.0,0.12,0.0,0.41,3497.0,-0.06027140851661208,4.184758828596038,15.3,55.52,22.3081,-9.6124,-27.1,1.7588,4,1,0.311,-0.99,-0.16,-0.12,0.5,0.06,0.82,0,1,0,1,mesoplanet
Kepler-22 b,Warm,Superterran,rocky-iron,hydrogen-rich,1.57,3.68,2.94,1.1060290000000002,1.1060290000000002,1.1060290000000002,261.3,-19.15,4.47,0.0,0.85,0.0,0.97,5518.0,-0.29,9.9,12.0,190.0,19.2811,47.8844,-26.8,0.6145,1,1,1.615,-0.64,-0.12,1.79,0.34,0.53,0.71,0,1,0,1,mesoplanet
K2-18 b,Warm,Superterran,rocky-iron,hydrogen-rich,1.46,3.28,2.71,0.9243239999999999,0.9243239999999999,0.9243242,249.8,-18.85,4.26,0.0,0.15,0.0,0.41,3503.0,0.09,4.184758828596038,13.5,34.0,11.504,7.5884,-26.6,1.394,2,1,0.304,-0.66,-0.12,1.59,0.37,1.0,0.73,0,1,0,1,mesoplanet
tau Cet e,Warm,Terran,rocky-iron,metals-rich,1.07,1.7,1.64,1.369828,1.512054,1.673311,289.8,-18.64,3.02,0.05,0.55,313.5,0.78,5344.0,-0.55,5.8,3.5,3.65,1.7344,-15.9375,-27.2,0.7665,7,1,1.246,-0.92,-0.15,0.16,0.51,0.0,0.78,0,1,0,0,mesoplanet
TRAPPIST-1 d,Warm,Subterran,rocky-iron,metals-rich,0.9,0.69,0.73,1.129725,1.129725,1.129725,262.7,-16.74,1.47,0.0,0.02,0.0,0.08,2550.0,0.04,0.5,18.8,12.1,23.1081,-5.0414,-26.9,2.9085,7,4,0.051,-0.84,-0.29,-0.86,0.45,0.9,0.9,0,1,0,1,mesoplanet
Kepler-1410 b,Warm,Superterran,rocky-iron,metals-rich,1.16,2.07,1.92,1.344376,1.344376,1.344376,274.3,-18.76,3.38,0.0,0.26,0.0,0.63,4092.0,-0.06027140851661208,4.07,15.8,367.0,19.3673,38.7435,-27.1,1.232,1,1,0.614,-0.91,-0.14,0.51,0.49,0.11,0.78,0,1,0,1,mesoplanet
Kepler-1544 b,Warm,Superterran,rocky-iron,metals-rich,1.16,2.07,1.92,0.9021728000000001,0.9021728999999999,0.902173,248.3,-18.32,3.38,0.0,0.56,0.0,0.81,4886.0,-0.06027140851661208,2.34,14.1,349.0,19.819000000000006,49.2125,-26.6,0.7079,1,1,1.012,-0.53,-0.14,0.63,0.55,0.85,0.8,0,1,0,1,mesoplanet
Kepler-62 e,Warm,Superterran,rocky-iron,metals-rich,1.08,1.74,1.68,1.097676,1.097676,1.097677,260.8,-18.32,3.07,0.0,0.43,0.0,0.69,4869.0,-0.21,7.0,14.0,368.0,18.8808,45.3499,-26.8,0.7863,5,2,0.857,-0.7,-0.15,0.28,0.56,0.96,0.83,0,1,0,1,mesoplanet
Kepler-61 b,Warm,Superterran,rocky-iron,hydrogen-rich,1.39,2.99,2.54,0.7885342,1.272237,2.1899319999999998,309.9,-19.14,4.09,0.25,0.26,0.0,0.64,4017.0,0.03,1.0,15.0,326.0,19.6869,42.4753,-27.0,1.2639,1,1,0.614,-0.84,-0.13,1.24,0.4,0.27,0.73,0,1,0,1,mesoplanet
Kepler-298 d,Warm,Superterran,rocky-iron,hydrogen-rich,1.72,4.3,3.28,1.289531,1.289531,1.289532,271.5,-19.45,4.75,0.0,0.3,0.0,0.65,4465.0,-0.121,4.184758828596038,13.4,474.0,18.8693,48.8254,-27.0,1.0134,3,1,0.6859999999999999,-0.86,-0.11,2.11,0.3,0.0,0.68,0,1,0,1,mesoplanet
HD 40956 b,Hot,Jovian,gas,hydrogen-rich,0.56,6.49,8.64,12.26258,19.41885,32.63723,608.9,-25.77,21.99,0.24,1.36,338.6,2.0,4869.0,0.14,1.35,6.6,118.0,6.1108,63.4539,-30.0,3.357,1,0,11.643,-1.99,7.87,5.47,0.09,0.0,0.14,0,0,0,1,non-habitable
Kepler-952 b,Hot,Jovian,gas,hydrogen-rich,0.21,1.6,3.49,3.746197,3.746197,3.746198,354.4,-23.05,14.55,0.0,0.5,0.0,1.0,5730.0,-0.06027140851661208,4.27,15.3,1167.0,19.0248,41.9939,-28.2,1.0488,1,0,1.729,-1.46,4.83,1.86,0.16,0.0,0.32,0,0,0,1,non-habitable
K2-139 b,Hot,Jovian,gas,hydrogen-rich,0.16,1.46,3.65,15.80837,15.80837,15.80837,508.0,-25.0,17.35,0.0,0.18,0.0,0.92,5287.0,0.21,1.8,11.7,152.0,19.2711,-17.9106,-29.7,2.5309,1,0,1.329,-1.97,6.07,1.4,0.13,0.0,0.16,0,0,0,1,non-habitable
WASP-1 b,Hot,Jovian,gas,metals-rich,0.06,0.99,4.06,1735.185,1735.185,1735.186,1644.3,-31.44,32.0,0.0,0.04,0.0,1.24,6200.0,-0.06027140851661208,4.184758828596038,11.8,424.0,0.3444,31.99,-34.9,19.372,1,0,2.716,-2.45,12.62,0.2,0.07,0.0,0.06,0,0,0,1,non-habitable
Kepler-33 d,Hot,Neptunian,gas,metals-rich,0.2,1.07,2.4,130.7242,130.7242,130.7242,861.5,-26.16,10.23,0.0,0.17,0.0,1.29,5904.0,-0.06027140851661208,4.27,14.0,424.0,19.2719,46.0053,-32.0,5.8383,5,0,3.324,-2.31,3.61,-0.15,0.19,0.0,0.15,0,0,0,1,non-habitable
Kepler-391 c,Hot,Neptunian,gas,metals-rich,0.2,0.7,1.58,262.7134,262.7134,262.7135,1025.7,-26.01,6.73,0.0,0.16,0.0,1.22,4940.0,0.02,4.184758828596038,13.4,424.0,19.3748,51.0573,-32.8,11.8379,2,0,4.968,-2.29,2.74,-0.78,0.21,0.0,0.19,0,0,0,1,non-habitable
HD 215456 b,Hot,Neptunian,gas,metals-rich,0.2,1.08,2.43,4.985784,6.66828,9.125027,442.8,-22.95,10.37,0.15,0.64,0.0,1.0,5940.0,-0.06027140851661208,4.184758828596038,6.6,38.0,22.7689,-48.9678,-28.8,1.3141,2,0,2.919,-1.7,3.65,0.59,0.2,0.0,0.36,0,0,0,1,non-habitable
Kepler-39 b,Hot,Jovian,gas,hydrogen-rich,2.24,30.65,20.47,88.18393,111.6237,143.4088,881.6,-28.03,26.19,0.12,0.15,98.9,1.1,6260.0,-0.29,5.08,14.3,1200.0,19.7972,46.0344,-31.9,4.8158,1,0,2.7710000000000004,-2.31,18.51,12.01,0.04,0.0,0.08,0,0,0,1,non-habitable
Kepler-716 b,Hot,Neptunian,gas,metals-rich,0.19,0.56,1.28,48.24831,48.24831,48.24832,671.5,-23.73,5.51,0.0,0.09,0.0,0.83,5099.0,-0.06027140851661208,4.57,15.2,675.0,19.3595,43.3639,-31.0,4.7546,1,0,1.14,-2.16,2.51,-0.78,0.23,0.0,0.24,0,0,0,1,non-habitable
ome Ser b,Hot,Jovian,gas,hydrogen-rich,0.4,4.4,6.98,47.48101,58.40392,72.66299,743.8,-26.86,21.17,0.11,1.09,132.0,2.17,4770.0,-0.24,4.184758828596038,5.2,80.6,15.8383,2.1964,-31.2,5.9955,1,0,16.194000000000006,-2.16,7.19,3.35,0.11,0.0,0.12,0,0,0,1,non-habitable
HD 163607 c,Warm,Jovian,gas,hydrogen-rich,0.49,5.62,8.0,0.3063548,0.3870469,0.4961905,213.8,-21.45,21.76,0.12,2.4,265.0,1.09,5543.0,0.21,8.6,8.2,69.0,17.8944,56.3919,-25.7,0.3616,2,1,2.708,0.64,7.62,9.17,0.08,0.0,0.35,1,0,0,1,non-habitable
HD 81688 b,Hot,Jovian,gas,hydrogen-rich,0.41,4.55,7.11,177.6478,177.6479,177.6479,930.1,-28.08,21.27,0.0,0.66,0.0,2.1,4753.0,-0.359,4.184758828596038,5.4,88.26,9.4778,45.6014,-32.4,10.5116,1,0,17.018,-2.25,7.25,2.78,0.11,0.0,0.11,0,0,0,1,non-habitable
CoRoT-5 b,Hot,Jovian,gas,metals-rich,0.04,0.67,3.16,601.0048,716.9039,862.208,1380.5,-30.24,28.6,0.09,0.05,231.7,1.0,6100.0,-0.25,6.9,14.0,400.0,6.7519,0.8153,-33.9,12.8552,1,0,2.274,-2.42,11.74,-0.05,0.08,0.0,0.06,0,0,0,1,non-habitable
HD 5608 b,Hot,Jovian,gas,hydrogen-rich,0.35,3.8,6.41,4.173563,4.173564,4.173565,364.1,-23.93,20.67,0.0,1.9,0.0,1.55,4854.0,0.06,4.184758828596038,6.0,58.2,0.9706,33.9508,-28.3,1.5427,1,0,7.445,-1.53,6.92,4.77,0.1,0.0,0.3,0,0,0,1,non-habitable
Kepler-220 d,Hot,Terran,rocky-iron,metals-rich,0.86,0.84,0.9,6.978119,6.97812,6.978122,414.1,-19.24,1.85,0.0,0.16,0.0,0.73,4632.0,-0.06027140851661208,4.184758828596038,13.4,424.0,19.4337,46.8958,-28.8,2.1906,4,0,0.8420000000000001,-1.72,-0.17,-0.87,0.34,0.0,0.47,0,0,0,1,non-habitable
HAT-P-34 b,Hot,Jovian,gas,hydrogen-rich,0.56,6.88,9.24,355.8864,823.1313,2364.188,1776.5,-30.11,23.73,0.44,0.06,20.0,1.36,6509.0,0.08,1.7,10.2,257.0,20.2131,18.105,-34.2,12.7437,1,0,3.067,-2.43,8.98,3.04,0.09,0.0,0.07,0,0,0,1,non-habitable
HD 46375 b,Hot,Jovian,gas,metals-rich,0.05,0.56,2.53,352.0964,390.4797,434.2614,1163.0,-29.0,21.84,0.05,0.04,113.7,0.91,5199.0,0.24,4.96,7.9,33.4,6.5533,5.4628,-33.2,13.044,1,0,1.507,-2.34,9.4,-0.28,0.09,0.0,0.08,1,0,0,1,non-habitable
Kepler-342 c,Hot,Superterran,rocky-iron,metals-rich,1.26,2.47,2.2,82.36237,82.36238,82.3624,767.5,-23.45,3.73,0.0,0.18,0.0,1.13,6175.0,-0.053,4.184758828596038,13.4,424.0,19.5119,46.7267,-31.5,4.2355,4,0,2.8710000000000004,-2.27,-0.14,-0.19,0.3,0.0,0.27,0,0,0,1,non-habitable
